" The customer does not exist in the system anymore."," Pelanggan tidak ada lagi dalam sistem."
" [deleted]"," [dihapus]"
" and "," dan "
" note that the URLs provided below are the correct values for your current website): "," dicatat bahwa URL yang disediakan di bawah ini adalah nilai yang benar untuk website Anda saat ini): "
"%s (Default Template from Locale)","%s (template standar dari lokal)"
"%s cache type(s) disabled.","%s Tipe cache(s) dinonaktifkan."
"%s cache type(s) enabled.","%s Tipe Cache(s) dinonaktifkan."
"%s cache type(s) refreshed.","%s Tipe cache(s) diperbarui."
"(For Type ""Local Server"" need to use relative path to Magento install var/export or var/import, e.g. var/export, var/import, var/export/some/dir, var/import/some/dir)","(Untuk jenis ""Server Lokal"" perlu menggunakan jalur relatif Ke install Magento var/ekspor atau var/impor, contoh. var/ekspor, var/impor, var/ekspor/beberapa/dir, var/impor/beberapa/dir)"
"(For US 2-letter state names)","(Untuk AS gunakan 2 huruf untuk negara bagian)"
"(If left empty will be auto-generated)","(Jika ditinggalkan kosong akan digenerate secara otomatis)"
"(Includes more countries than those listed below. As the application owner, you are responsible for complying with country-specific laws related to the distribution or sale of your application into that country, including your home country.)","(Termasuk Banyak Negara Yang tercantum dibawah ini.Sebagai Pemilik Aplikasi, Anda Bertanggung Jawab Untuk Mematuhi Hukum Negara Tertentu Terkait Deangan Distribusi Atau Penjualan Aplikasi Anda Ke Negara Tersebut, Termasuk Negara Anda.)"
"(Leave empty for first spreadsheet)","(Tinggalkan kosong untuk spreadsheet pertama)"
"(Products will be added/updated to this store if 'store' column is blank or missing in the import file.)","(Produk akan ditambah/diubah pada toko ini jika kolom 'toko' dibiarkan kosong atau hilang pada file import.)"
"(Shift-)Click or drag to change value","(Shift-)Klik atau geser untuk merubah nilai"
"(Starting with)","(Dimulai dengan)"
"(When 'No', only mapped fields will be imported. When mapping, use 'column1', 'column2', etc.)","(Ketika 'Tidak', hanya field yang dipetakan yang akan diimport. Ketika memetakan, gunakan 'column1', 'column2', etc.)"
"(You have to increase php memory_limit before changing this value)","(Anda harus menambah memori batas_Php sebelum merubah nilai)"
"(\\t for tab)","(\\t for tab)"
"* - If indexing is in progress, it will be killed and new indexing process will start.","* - Jika pengindekan sedang berlangsung, maka akan dihentikan dan proses pengindekan baru akan dimulai."
"- Click on any of the time parts to increase it","- Klik pada salah satu bagian waktu untuk meningkatkannya"
"- Hold mouse button on any of the above buttons for faster selection.","- Tahan tombol mouse pada salah satu tombol di atas untuk seleksi lebih cepat."
"- Use the %s buttons to select month","- Gunakan tombol %s untuk memilih bulan"
"- Use the %s, %s buttons to select year","- Gunakan tombol %s, %s Untuk memilih tahun"
"- or Shift-click to decrease it","- atau klik - shift untuk menyusutkan"
"- or click and drag for faster selection.","- atau klik dan geser untuk pilihan lebih cept."
"-- Not Selected --","-- Tidak dipilih --"
"-- Please Select --","-- Silahkan Pilih --"
"-- Please Select Billing Agreement--","--Silakan Pilih Persetujuan Pembayaran--"
"-- Please Select a Category --","-- Silakan Pilih Kategori --"
"-- Please select --","-- Silakan Pilih --"
"--Please Select--","--Silahkan Pilih--"
"1 Hour","1 Jam"
"10:40 AM","10:40 AM"
"12 Hours","12 Jam"
"12h AM/PM","12J AM/PM"
"2 Hours","2 Jam"
"24 Hours","24 Jam"
"24h","24J"
"2YTD","2YTD"
"6 Hours","6 Jam"
"80px x 80px","80px x 80px"
"80x80 px","80x80 px"
"<h1 class=""page-heading"">404 Error</h1><p>Page not found.</p>","<h1 class=""page-heading"">404 Error</h1><p>Halaman tidak ditemukan..</p>"
"A new password was sent to your email address. Please check your email and click Back to Login.","Kata Sandi Baru dikirim ke alamat email Anda. Silakan cek email Anda dan klik kembali untuk masuk ."
"A user with the same user name or email aleady exists.","Pengguna dengan nama pengguna yang sama sudah ada."
"API Key","API Key"
"API Key Confirmation","konfirmasi API Key"
"ASCII","ASCII"
"Abandoned Carts","Keranjang Yang diabaikan"
"About the calendar","Tentang penanggalan"
"Access Denied","Akses ditolak"
"Access denied","Akses ditolak"
"Access denied.","Akses ditolak."
"Account Created in:","Akun Dibuat di:"
"Account Created on (%s):","Akun dibuat pada (%s):"
"Account Created on:","Akun Dibuat pada:"
"Account Information","Informasi Akun"
"Account Status","Status Akun"
"Account status","Status akun"
"Action","Aksi"
"Actions","Aksi"
"Actions XML","Aksi XML"
"Activate","Aktifkan"
"Active","Aktif"
"Add","Tambah"
"Add Contents Path","Tambah Jalur Isi"
"Add Exception","Tambah Eksepsi"
"Add Field Mapping","Tambah Pemetaan Bidang"
"Add Field with URL:","Tambah Field dengan URL:"
"Add New","Tambah Baru"
"Add New Image","Tambah Gambar Baru"
"Add New Profile","Tambah Profil Baru"
"Add New Role","Tambah role Baru"
"Add New Template","Tambah Template Baru"
"Add New URL Rewrite","Add New URL Rewrite"
"Add New User","Tambah User Baru"
"Add New Variable","Add New Variable"
"Add PHP Extension dependency","Tambah ekstensi PHP depedensi"
"Add Package dependency","tambah paket dependensi"
"Add URL Rewrite","Add URL Rewrite"
"Add URL Rewrite for a Category","Tambah URL Rewrite untuk sebuah kategori"
"Add URL Rewrite for a Product","Tambah URL Rewrite untuk sebuah produk"
"Add after","Tambah Setelah"
"Add to Cart","Tambah ke daftar Belanja"
"Add to Wishlist","Tambah ke Daftar Rencana Beli"
"Additional Cache Management","Tambahan Manajemen Cache"
"Address Type:","Jenis Alamat:"
"Admin","Admin"
"Advanced Admin Section","Lanjutan Bagian Admin"
"Advanced Profiles","Pofil Lanjutan"
"Advanced Section","Seksi Lanjutan"
"AirMail Template Preview","Peninjauan Contoh Surat"
"All","Semua"
"All Allowed Countries","Semua Negara yang Diperbolehkan"
"All Cache","Semua Cache"
"All Files","Semua file"
"All Reviews","Semua Review"
"All Store Views","Semua Tampilan Toko"
"All Tags","Semua Tag"
"All Websites","Semua Situs"
"All countries","Semua negara"
"All fields","Semua Fields"
"All locations","Semua lokasi"
"All possible rates were fetched, please click on ""Save"" to apply","Semua harga yang mungkin diambil, silakan klik pada ""Simpan"" untuk menerapkan"
"All rates were fetched, please click on ""Save"" to apply","Semua harga yang diambil, silakan klik pada tombol ""Simpan"" untuk menerapkan "
"All valid rates have been saved.","Semua harga yang berlaku telah disimpan."
"Amounts","Jumlah"
"An error has occured while syncronizing media storages.","Terjadi Error ketika sinkronisasi Media penyimpanan."
"An error occurred while clearing the JavaScript/CSS cache.","Terjadi Error saat kliring JavaScript / CSS Cache."
"An error occurred while clearing the image cache.","Terjadi Error ketika membersihkan cache gambar."
"An error occurred while creating the backup.","Terjadi Error ketika Membuat Backup."
"An error occurred while deleting email template data. Please review log and try again.","Terjadi Error saat menghapus data template email. Harap tinjau log dan coba lagi."
"An error occurred while deleting this role.","Terjadi Error saat menghapus tugas ini."
"An error occurred while deleting this set.","Terjadi Error saat menghapus set ini."
"An error occurred while deleting this template.","Terjadi Error saat menghapus template ini."
"An error occurred while finishing process. Please refresh the cache","Terjadi Error saat penyelesaian. Mohon Perbarui cache"
"An error occurred while rebuilding the CatalogInventory Stock Status.","Terjadi Error saat membangun kembali Status Stock Catalog Inventory."
"An error occurred while rebuilding the catalog index.","Terjadi Error saat membangun kembali indeks katalog."
"An error occurred while rebuilding the flat catalog category.","Terjadi Error saat membangun kembali kategori katalog datar."
"An error occurred while rebuilding the flat product catalog.","Terjadi Error saat membangun kembali katalog produk datar."
"An error occurred while rebuilding the search index.","Terjadi Error saat membangun kembali indeks pencarian."
"An error occurred while refreshing the Catalog Rewrites.","Terjadi Error saat memperbaruhi Katalog Penulisan ulang."
"An error occurred while refreshing the Layered Navigation indices.","Terjadi Error ketika memperbarui Indeks Navigasi Berlapis."
"An error occurred while refreshing the catalog rewrites.","Terjadi Error ketika memperbarui katalog penulisan ulang."
"An error occurred while refreshing the layered navigation indices.","Terjadi Error ketika memperbarui Indeks Navigasi Berlapis."
"An error occurred while saving account.","Terjadi Error ketika menyimpan akun."
"An error occurred while saving the customer.","Terjadi Error ketika menyimpan pelanggan."
"An error occurred while saving this configuration:","Terjadi Error ketika menyimpan konfigurasi ini:"
"An error occurred while saving this role.","Terjadi Error saat menyimpan rolean ini."
"An error occurred while saving this template.","Terjadi Error saat menyimpan template ini."
"An error occurred while updating the selected review(s).","Terjadi Error saat memperbarui tinjauan yang dipilih."
"Any","Apapun"
"Any Attribute Set","Setiap Set Atribut"
"Any Group","Setiap Kelompok"
"Any Status","Setiap Status"
"Any Store","Setiap Penyimpanan"
"Any Type","Setiap Jenis"
"Any Visibility","Setiap Visibilitas"
"Archive file name:","Arsip nama file:"
"Are you sure that you want to delete this template?","Apakah Anda yakin ingin menghapus template ini?"
"Are you sure that you want to strip tags?","Apakah Anda yakin bahwa Anda ingin membuka tag?"
"Are you sure you want to delete this theme? This change will affect all applications.","Anda yakin menghapus theme ini? Ini akan mempengaruhi semua aplikasi."
"Are you sure you want to do this?","Apakah Anda yakin ingin melakukan ini?"
"Area","Area"
"As low as:","Serendah:"
"Assigned","ditugaskan"
"Associated Tags","Associated Tags"
"Attribute Set Name:","Nama Set Atribut:"
"Attributes","Atribut"
"Authors","Penulis"
"Automatic","Otomatis"
"Available Products","Produk Tersedia"
"Average Order Amount","Rata-rata Jumlah pesanan"
"Average Orders","Rata-rata Pesanan"
"BINARY","Biner"
"Back","Kembali"
"Back to Login","Kembali ke Login"
"Backup","Backup"
"Backup record was deleted.","Backup record telah dihapus."
"Backups","Backup"
"Base currency","Mata Uang Dasar"
"Bcc","Bcc"
"Bestsellers","Terlaris"
"Big Image","Gambar Besar"
"Billing Address","Alamat Tagihan"
"Billing Address: ","Alamat Tagihan:"
"Billing Agreement","Kontrak Tagihan"
"Billing Agreements","Kontrak Tagihan"
"Block Information","Blok Informasi"
"Both (without and with tax)","keduanya (tanpa atau dengan pajak)"
"Both IPN and PDT","baik IPN dan PDT"
"Browse Files...","Jelajahi file..."
"Bundle Items","Bundel Produk"
"Bundle with dynamic pricing cannot include custom defined options. Options will not be saved.","Bundel dengan harga dinamis tidak dapat menyertakan pilihan khusus yang ditentukan. Pilihan tidak akan disimpan."
"CMS","CMS"
"CRITICAL","kritis"
"CSV","CSV"
"CSV / Tab separated","CSV / dipisahkan oleh Tab"
"Cache Control","kontrol Cache"
"Cache Control (beta)","Kontrol Cache (beta)"
"Cache Management","Manajemen Cache"
"Cache Type","Cache Type"
"Cancel","Batal"
"Cancel URL: ","URL Batal: "
"Cannot add new comment.","Tidak dapat menambah komentar baru."
"Cannot add tracking number.","tidak dapat menambahkan nomor pelacakan."
"Cannot create an invoice without products.","Tidak dapat membuat faktur tanpa produk."
"Cannot create credit memo for the order.","Tidak dapat membuat memo kredit untuk pesanan."
"Cannot delete the design change.","Tidak dapat menghapus perubahan desain."
"Cannot delete tracking number.","Tidak dapat menghapus nomor pelacakan."
"Cannot do shipment for the order separately from invoice.","Tidak bisa melakukan pengiriman terpisah dari faktur."
"Cannot do shipment for the order.","Tidak bisa melakukan pengiriman untuk pesanan."
"Cannot find the email address.","Tidak dapat menemukan alamat email."
"Cannot initialize shipment for adding tracking number.","Tidak dapat menginisialisasi pengiriman untuk menambahkan nomor pelacakan."
"Cannot initialize shipment for delete tracking number.","Tidak dapat menginisialisasi pengiriman untuk menghapus nomor pelacakan."
"Cannot load track with retrieving identifier.","Tidak dapat memasukkan pelacak dengan pengambilan identitas."
"Cannot retrieve tracking number detail.","Tidak dapat mengambil nomor pelacakan secara rinci."
"Cannot save shipment.","Tidak dapat menyimpan pengiriman."
"Cannot save the credit memo.","Tidak dapat menyimpan memo kredit."
"Cannot send shipment information.","Tidak dapat mengirim informasi pengiriman."
"Cannot update item quantity.","Tidak dapat memperbarui jumlah item barang."
"Cannot update the item\'s quantity.","Tidak dapat memperbarui kuantitas item."
"Card Verification Number","Nomor Verifikasi Kartu"
"Carrier","pembawa"
"Catalog","katalog"
"Catalog Price Rules","katalog Aturan Harga"
"Catalog Rewrites","Katalog Penilisan Ulang"
"Categories","Categories"
"Category:","kategori:"
"Chairs","kursi"
"Change Orientation","Orientasi Perubahan"
"Channel","Kanal"
"Chart is disabled. If you want to enable chart, click <a href=""%s"">here</a>.","Bagan dinonaktifkan. Jika Anda ingin mengaktifkan grafik, klik <a href=""%s""> sini </ a>."
"Checkbox","Kotak Cek"
"Child Transactions","Transaksi Anak"
"Choose Store View","Pilih Tampilan Toko"
"Choose a selection...","Memilih Pilihan..."
"Choose an attribute","Pilih atribut"
"Chosen category does not associated with any website, so url rewrite is not possible.","Kategori yang dipilih tidak terasosiasi dengan website, URL Rewrite tidak dimungkinkan."
"Chosen product does not associated with any website, so url rewrite is not possible.","Produk terpilih tidak terasosiasi dengan website, URL Rewrite tidak dimungkinkan."
"Clear","Bersihkan"
"Close","Tutup"
"Comment text field cannot be empty.","Ruang teks komentar tidak boleh kosong."
"Complete","Selesai"
"Configuration","Konfigurasi"
"Confirmed email:","Email yang dikonfirmasi:"
"Connect with the Magento Community","menghubungkan dengan komunitas magento"
"Contents","isi"
"Continue","Lanjut"
"Convert to Plain Text","dikonversi ke teks biasa"
"Cookie (unsafe)","Cookie (tidak aman)"
"Country","Negara"
"Country:","Negara:"
"Coupons","Kupon"
"Create","Membuat"
"Create DB Backup","Membuat DB Backup"
"Create New Attribute","Membuat Atribut Baru"
"Create URL Rewrite:","Membua URL Rewrite:"
"Created At","Membuat di"
"Credit Card %s","Kartu Kredit%s"
"Credit Card Number","Nomor Kartu Kredit"
"Credit Card Number: xxxx-%s","Nomor Kartu Kredit: xxxx-%s"
"Credit Card Type","Tipe Kartu Kredit"
"Credit Card Type: %s","Tipe Kartu Kredit: %s"
"Credit Memo History","Riwayat Memo Kredit"
"Credit Memo Totals","Total Memo Kredit"
"Credit Memos","Memo Kredit"
"Credit memo #%s comment added","Memo Kredit #%s Komentar ditambahkan"
"Credit memo #%s created","Memo Kredit #%s Dibuat"
"Credit memo\'s total must be positive.","Memo Kredit Total Harus Positif."
"Currency","Mata Uang"
"Currency Information","Informasi Mata Uang"
"Currency Setup Section","Bagian Pengaturan Mata Uang"
"Current Configuration Scope:","Cakupan Konfigurasi Sekarang:"
"Current Month","Bulan Sekarang"
"Custom","Khusus"
"Custom Variable ""%s""","Variable Khusus""%s"""
"Custom Variables","Variabel Khusus"
"Customer","Pelanggan"
"Customer Group:","Kelompok Pelanggan:"
"Customer Groups","Kelompok Pelanggan"
"Customer Name","Nama Pelanggan"
"Customer Reviews","Tinjauan Pelanggan"
"Customer Shopping Carts","Daftar Belanja Pelanggan"
"Customer Since:","Pelanggan Sejak:"
"Customer Tax Classes","Kelas Pajak Pelanggan"
"Customer with the same email already exists.","Pelanggan Dengan Email Yang Sama Sudah Tersedia."
"Customers","Pelanggan"
"Customers by Number of Orders","Pelanggan dengan jumlah pesanan"
"Customers by Orders Total","Pelanggan dengan Total pesanan"
"DHTML Date/Time Selector","DHTML Tanggal/Pilihan Waktu"
"Dashboard","Dasbor"
"Data Format","Data Format"
"Data transfer:","Data transfer:"
"Database","Database"
"Dataflow - Advanced Profiles","Dataflow - Profil Lanjutan"
"Dataflow - Profiles","Dataflow - Profil"
"Date","Tanggal"
"Date & Time","Tanggal & Waktu"
"Date Added","Tanggal Ditambahkan"
"Date Updated","Tanggal Diperbaharui"
"Date selection:","Pilihan Tanggal:"
"Date selector","Pemilihan tanggal"
"Day","Hari"
"Decimal separator:","Pemisah Desimal:"
"Default (Admin) Values","Nilai (Admin) Standar "
"Default Billing Address","Default Billing Address"
"Default Config","Konfigurasi Standar"
"Default Template from Locale","template Standar Lokal"
"Default Values","Nilai Acuan (Admin)"
"Default display currency ""%s"" is not available in allowed currencies.","Tampilan mata uang standar ""%s"" tidak tersedia pada mata uang yang diijinkan."
"Default scope","lingkup standar"
"Delete","Hapus"
"Delete %s","Hapus %s"
"Delete %s '%s'","Hapus %s '%s'"
"Delete File","Hapus file"
"Delete Image","Hapus Gambar"
"Delete Profile","Hapus Profil"
"Delete Role","Hapus Role"
"Delete Store","Hapus Toko"
"Delete Store View","Hapus Tampilan Toko"
"Delete Template","Hapus Template"
"Delete User","Hapus Pengguna"
"Delete Website","Hapus Situs"
"Delete theme","Hapus theme"
"Description","Keterangan"
"Deselect All","Hapus semua pilihan"
"Design","Desain"
"Design Section","Bagian Desain"
"Details","Details"
"Developer Section","Bagian pengembang"
"Direction:","Arahan:"
"Disable","Non aktif"
"Disabled","Non Aktif"
"Display %s first","Tampilan %s Pertama"
"Display default currency","Tampilan Mata Uang standar"
"Distributed under GNU LGPL. See %s for details.","Didistribusikan dibawah GNU LGPL. Lihat  %s untuk detail."
"Do not enable AVS or CSC options.  The do not work when using Payflow Link Silent Mode.","Jangan mengaktifkan AVS atau opsi CSC. Tidak berfungsi ketika menggunakan Payflow Tautan Mode Diam"
"Do not set any fields in the Billing and Shipping Information block as editable in your Payflow accout.","Jangan mengatur bidang dipenagihan dan memblokir pengiriman informasi sebagaimana disunting dalam akun Payflow Anda."
"Do you really want to KILL parallel process and start new indexing process?","Apakah Anda benar-benar ingin mengakhiri proses paralel dan memulai proses pengindekan baru?"
"Download","Unduh"
"Downloads","Unduh"
"Drag to move","Geser untuk memindahkan"
"Drop-down","Drop-down"
"Edit","sunting"
"Edit Design Change","Sunting Perubahan Desain"
"Edit Email Template","Ubah template Email"
"Edit Filter","Sunting Filter"
"Edit Poll","Sunting Poll"
"Edit Queue","Sunting Antrian"
"Edit Review","Sunting Tinjauan"
"Edit Role","Sunting Role"
"Edit Store View","Sunting Tampilan Toko"
"Edit System Template","Sunting Sistem template"
"Edit Template","Sunting Template"
"Edit URL Rewrite","Edit URL Rewrite"
"Edit User","Sunting Pengguna"
"Edit User '%s'","Sunting pengguna '%s'"
"Edit Website","Sunting Situs"
"Email","Email"
"Email Address:","Alamat Email:"
"Email Preview","Tampilan Email"
"Email to a Friend","Email ke Teman"
"Email:","Email:"
"Enable","Aktifkan"
"Enable Secure Token:","mengaktifkan tanda aman:"
"Enabled","Aktif"
"Enclose Values In:","menyertakan nilai dalam:"
"Entity Attributes","Entitas Atribut "
"Entity Type","Tipe Entitas"
"Entity type:","Tipe Entitas:"
"Error","Error"
"Excel XML","Excel XML"
"Excl. Tax","Diluar pajak"
"Expiration Date","Tanggal Kadaluarsa"
"Expiration Date: %s/%s","Tanggal Kadaluarsa: %s/%s"
"Export","Ekspor"
"Export CSV","Ekspor CSV"
"Export Filters","Ekspor Filter"
"Export to:","Ekspor ke:"
"Export:","Ekspor:"
"Extension","Perluasan"
"Extensions","Perluasan"
"FILTERS APPLIED","filter diterapkan"
"FTP Host[:Port]","FTP Host[:Port]"
"Failed to add a product to cart by id ""%s"".","Gagal untuk menambah produk ke daftar belanja dengan id ""%s""."
"Failed to cancel the billing agreement.","Gagal untuk membatalkan kesepakatan penagihan."
"Failed to clear the JavaScript/CSS cache.","Gagal menghapus cache JavaScript / CSS."
"Failed to delete the billing agreement.","Gagal menghapus perjanjian penagihan."
"Failed to update the profile.","Gagal memperbarui profil."
"Field","Field"
"Field Mapping","Pemetaan Bidang"
"File","file"
"File Information","Informasi file"
"File System","Sistem file"
"File mode","Mode file"
"File name:","Nama file:"
"File size should be more than 0 bytes","Ukuran file harus lebih dari 0 byte"
"Files","file"
"Finished profile execution.","Eksekusi profil selesai."
"First Invoice Created Date","Tanggal pembuatan invoice pertama"
"First Name","Nama Depan"
"First Name is required field.","Nama awal dibutuhkan field."
"First Name:","Nama Depan:"
"Fixed","Tetap"
"Flush Catalog Images Cache","Gamabar cache Flush Catalog"
"Flush JavaScript/CSS Cache","Flush JavaScript/CSS Cache"
"For category","Untuk Kategori"
"For latest version visit: %s","Untuk versi Paling akhir kunjungi: %s"
"For product","Untuk Produk"
"Forgot your password?","Lupa Kata Sandi Anda?"
"Forgot your user name or password?","Lupa nama pengguna atau kata sandi Anda?"
"From","Dari"
"GLOBAL","GLOBAL"
"Gb","Gb"
"General Information","Informasi Umum"
"General Section","Bagian umum"
"Get Image Base64","Dapatkan Gambar Base64"
"Get help for this page","Dapatkan pertolongan untuk halaman ini"
"Global Attribute","Atribut Umum"
"Global Record Search","Cari Global"
"Global Search","Cari Global"
"Go Today","Menuju Hari Ini"
"Go to messages inbox","Menuju Pesan Kotak Masuk"
"Go to notifications","Menuju notifikasi"
"Google Base","Google Base"
"Google Base Items","Barang - Barang  Google Base"
"Google Sitemaps","Google Sitemaps"
"Grand Total","Total Semuanya"
"Grid (default) / List","Grid (Standar) / Daftar"
"Grid Only","Hanya Grid"
"Group:","Kelompok"
"Guest","Tamu"
"HTTP (unsecure)","HTTP (Tidak Aman)"
"HTTPS (SSL)","HTTPS (SSL)"
"Help Us Keep Magento Healthy - Report All Bugs","Bantu Kami Untuk Menjaga Magento  Tetap Sehat - Laporkan Semua Kesalahan"
"Helper attributes should not be used in custom layout updates.","Atribut bantuan tidak boleh digunakan dalam pembaruan tata letak khusus."
"Helper for options rendering doesn't implement required interface.","Bantuan untuk render opsi tidak mengimplementasikan antarmuka diperlukan."
"Home","Beranda"
"ID","ID"
"ID Path","Jalur ID"
"IP Address","Alamat IP"
"IPN (Instant Payment Notification) Only","Hanya(Instant Payment Notification)IPN"
"If this message persists, please contact the store owner.","Jika pesan ini berlanjut, silahkan hubungi pemilik toko."
"If your Magento instance is used for multiple websites, you must configure a separate Payflow Link account for each website.","Jika Magento anda Langsung digunakan untuk beberapa situs web, Anda harus mengkonfigurasi akun Payflow tautan terpisah untuk setiap situs web."
"Ignore","Abaikan"
"Images","Gambar"
"Images (.gif, .jpg, .png)","Gambar(.gif, .jpg, .png)"
"Images Cache","Gambar Cache"
"Import","Impor"
"Import Service","Impor Layanan"
"Import and Export","Impor and Ekspor"
"Import and Export Tax Rates","Impor dan Ekspor Tarif Pajak"
"Import/Export","Impor/Ekspor"
"Import/Export Advanced","Impor/Ekspor Lanjutan"
"Import/Export Profile","Impor/Ekspor Profil"
"Important: ","Penting: "
"Imported <strong>%s</strong> records","Impor <strong>%s</<strong> rekam"
"In","Di"
"In Database:","Dalam Database:"
"In File:","Dalam file:"
"In Stock","Dalam Stok"
"Inactive","Tidak aktif"
"Inactive Tabs","Tab tidak aktif"
"Incl. Tax","Termasuk Pajak"
"Include","Sertakan"
"Incoming Message","Pesan Masuk"
"Insert Variable...","Masukan Variable..."
"Interactive","Interaktif"
"Interface Locale: %s","Interface Lokal: %s"
"Invalid Form Key. Please refresh the page.","Format Tombol tidak valid . Silahkan memperbarui halaman."
"Invalid Import Service Specified","Layanan impor tidak valid ditentukan"
"Invalid POST data (please check post_max_size and upload_max_filesize settings in your php.ini file).","POST data tidak valid (Silakan check post_max_size and upload_max_filesize settings anda dalam php.ini file)."
"Invalid Secret Key. Please refresh the page."," Tombol rahasia tidak valid. Silakan memperbarui halaman."
"Invalid Username or Password.","Nama pengguna dan Kata sandi tidak valid."
"Invalid directory: %s","Direktori Tidak Valid: %s"
"Invalid email address ""%s"".","Alamat Email Tidak Valid ""%s""."
"Invalid file: %s","file Tidak Valid: %s"
"Invalid input data for %s => %s rate","Input Data Tidak Valid Untuk %s => %s tingkat"
"Invalid parent block for this block","Blok Induk Tidak Berlaku Untuk Blok ini"
"Invalid parent block for this block.","Blok induk tidak berlaku untuk blok ini."
"Invalid sender name ""%s"". Please use only visible characters and spaces.","Nama pengirim tidak valid ""%s "". Harap hanya menggunakan karakter yang terlihat dan spasi."
"Invalid timezone","Zona waktu tidak berlaku"
"Invalidated","Tanggal tidak berlaku"
"Inventory Stock Status","Status Persediaan Stok"
"Invoice #%s comment added","Komentar Faktur #%s telah ditambahkan"
"Invoice #%s created","Faktur #%setelah dibuat"
"Invoice History","Riwayat Faktur"
"Invoice Totals","Total Faktur"
"Invoice canceling error.","Pembatalan Invoice error."
"Invoice capturing error.","Pengambilan Invoice error."
"Invoice voiding error.","Pembatalan Invoice error."
"Invoices","Invoices"
"Is Closed","Ditutup"
"Issue Number","Nomor penerbitan"
"Issuer: %s","Penerbit: %s"
"Items","Barang"
"JavaScript/CSS","JavaScript/CSS"
"JavaScript/CSS Cache","JavaScript/CSS Cache"
"Kb","Kb"
"Last 24 Hours","Last 24 Hours"
"Last 5 Orders","5 pembelian terakhir"
"Last 5 Search Terms","5 istilah pencarian terakhir"
"Last 7 Days","7 hari terkhir"
"Last Credit Memo Created Date","Tanggal Credit Memo terakhir dibuat"
"Last Invoice Created Date","Tanggal invoice terakhir dibuat"
"Last Logged In (%s):","Login terakhir (%s):"
"Last Logged In:","Login terakhir di:"
"Last Name","Nama Akhir"
"Last Name is required field.","Nama akhir dibutuhkan field."
"Last Name:","Nama Akhir:"
"Last updated: %s. To refresh last day\'s <a href=""%s"">statistics</a>, click <a href=""%s"">here</a>.","Perbaruan terakhir: %s.untk memperbarui hari terakhir <a href=""%s"">statistics</a>, klik <a href=""%s"">disni</a>."
"Latest Message:","Pesan Terakhir:"
"Layered Navigation Indices","Indek Navigasi Berlapis"
"Layered Navigation Indices were refreshed.","Indeks navigasi berlapis yang diperbarui."
"Leave empty to use tax identifier","Biarkan kosong untuk menggunakan pengenal pajak"
"Lifetime Sales","Penjualan sepanjang masa"
"Lifetime statistics have been updated.","Statistik sepanjang masa telah diperbarui."
"Links","Tautan"
"Links with associated products will retain only after saving current product.","Link dengan produk-produk terkait akan menyimpan hanya setelah menyimpan produk saat ini."
"List (default) / Grid","Daftar (standar) / Grid"
"List Only","Hanya List"
"Load Template","Masukan Template"
"Load default template","Masukan Template Standar"
"Loading Preview...","Memuat Pratinjau..."
"Loading...","Memuat..."
"Local Server","Server Lokal"
"Local/Remote Server","Local/Server Jarak jauh"
"Locale","Lokal"
"Log In","Masuk"
"Log Out","Keluar"
"Log in to Admin Panel","Masuk ke Admin Panel"
"Log into Magento Admin Page","Masuk ke Halaman Admin Magento"
"Logged in as %s","Masuk sebagai %s"
"Login","Masuk"
"Low Stock","Stok Sedikit"
"MAJOR","MAYOR"
"MINOR","MINOR"
"MS Excel XML","MS Excel XML"
"Magento Admin","Admin Magento"
"Magento Commerce - Administrative Panel","Magento Commerce - Panel Administrasi"
"Magento Connect","Menghubungkan Magento"
"Magento Connect Manager","Magento Connect Manager"
"Magento Logo","Logo Magento"
"Magento is a trademark of Magento Inc. Copyright &copy; %s Magento Inc.","Magento adalah sebuah merk dagang dari Magento Inc. Copyright &copy; %s Magento Inc."
"Magento ver. %s","Magento ver. %s"
"Magento&trade; is a trademark of Magento Inc.<br/>Copyright &copy; %s Magento Inc.","Magento&trade; adalah sebuah merk dagang dari Magento Inc.<br/>Copyright &copy;"" %s Magento Inc."
"Main Tabs","Main Tabs"
"Make Inactive","Membuat Tidak aktif"
"Make sure that data encoding in the file is consistent and saved in one of supported encodings (UTF-8 or ANSI).","Pastikan bahwa pengkodean data pada file konsisten dan disimpan dalam satu pengkodean yang didukung (UTF-8 or ANSI)."
"Make sure that you configure the design settings for the Payflow Link form in your Payflow link account.","Pastikan bahwa Anda mengkonfigurasikan pengaturan desain untuk bentuk tautan Payflow di akun tautan Payflow Anda ."
"Manage Attribute Sets","Kelola Set Atribut"
"Manage Attributes","Kelola Atribut"
"Manage Categories","Kelola Kategori"
"Manage Content","Kelola Konten"
"Manage Currency Rates","Kelola Kurs Valas"
"Manage Customers","Kelola Pelanggan"
"Manage Ratings","Kelola Rating"
"Manage Stores","Kelola Toko"
"Manage Tax Rules","kelola aturan pajak"
"Manage Tax Zones and Rates","Kelola zona pajak dan tarif"
"Manual","Manual"
"Matched Expression","Ungkapan Sesuai"
"Max","Max"
"Mb","Mb"
"Media (.avi, .flv, .swf)","Media (.avi, .flv, .swf)"
"Media storages synchronization has completed!","Singkronisasi Penyimpanan Media Telah Selesai"
"Messages Inbox","Pesan Kotak Masuk"
"Min","Min"
"Month","Bulan"
"More Tabs"," Tabs Lagi"
"Most Viewed","Paling banyak dilihat"
"Most Viewed Products","Produk Paling Banyak dilihat"
"Multiple Select","Beberapa Pilihan"
"My Account","Akun Saya"
"N/A","N/A"
"NOTICE","PEMBERITAHUAN"
"Name","Nama"
"Name on Card","Nama pada Kartu"
"Name on the Card: %s","Nama pada Kartu: %s"
"Name:","Nama:"
"New ","New "
"New API Key","API Key Baru"
"New Accounts","Akun Baru"
"New Attribute","Attribut baru"
"New Block","Blok Baru"
"New Category","Kategori baru"
"New Class","Kelas Baru"
"New Condition","Kondisi baru"
"New Custom Variable","Variabel Khusus Baru"
"New Customer","Pelanggan Baru"
"New Customers","Pelanggan Baru"
"New Design Change","Perubahan Desain Baru"
"New Email Template","Template Email Baru"
"New Group","Group Baru"
"New Invoice","Invoice Baru"
"New Item Type","Jenis Barang Baru"
"New Memo","Memo Baru"
"New Memo for #%s","Memori Baru Untuk #%s"
"New Page","Halaman Baru"
"New Password","Kata Sandi Baru"
"New Poll","Poll Baru"
"New Profile","Profil Baru"
"New Rate","Rate Baru"
"New Rating","Rating Baru"
"New Review","Ulasan Baru"
"New Role","Role Baru"
"New Rule","Aturan Baru"
"New Search","Pencarian Baru"
"New Set","Set baru"
"New Shipment","Pengiriman Baru"
"New Sitemap","Sitemap Baru"
"New Store View","Tampilan Toko Baru"
"New System Template","Template Sistem Baru"
"New Tag","Tag Baru"
"New Template","Template Baru"
"New User","Pengguna Baru"
"New Variable","Variable Baru"
"New Website","Situs Baru"
"New admin password","Kata Sandi baru admin"
"Newsletter","Buletin"
"Newsletter Problems","Masalah Buletin"
"Newsletter Queue","Antrian Buletin"
"Newsletter Subscribers","Berlangganan Buletin"
"Newsletter Templates","Template Buletin"
"Next month (hold for menu)","Bulan Depan (Tahan Untuk Menu)"
"Next page","Halaman Selanjutnya"
"Next year (hold for menu)","Tahun Depan (Tahan Untuk Menu)"
"No","Tidak"
"No (price without tax)","Tidak (harga belum termasuk Pajak)"
"No Data Found","Tidak Ada Data ditemukan"
"No Templates Found","Tidak Ada Tempalte ditemukan"
"No change","Tidak Ada Perubahan"
"No customer id defined.","Tidak ada ID konsumen yang didefinisikan."
"No information available.","Tidak ada informasi yang tersedia."
"No profile loaded...","Tidak ada profil yang dimasukan..."
"No records found for this period.","Tidak ada rekam di temukan untuk periode ini."
"No records found.","Tidak ada Rekam ditemukan."
"No report code specified.","Tidak Ada Laporan Kode Khusus."
"No search keywords.","Tidak Ada Kata Kunci Pencarian."
"No search modules were registered","Tidak Ada Modul Pencarian Yang terdaftar"
"No wishlist item id defined.","Tidak Ada ID Barang daftar keinginan yang didefinisikan."
"None","Tidak Ada"
"Note:","Catatan:"
"Notes","Catatan"
"Notifications","Notifikasi"
"Number of Orders","Jumlah pesanan"
"Number of Uses","Jumlah penggunaan"
"Number of records:","Jumlah catatan:"
"Old rate:","Tarif Lama:"
"On my website","Di Situs Jejaring Saya"
"Once you log into your Payflow Link account, navigate to the Service Settings - Hosted Checkout Pages - Set Up menu and set the options described below","Setelah Anda login ke akun Payflow Tautan Anda, Arahkan ke Pengaturan Layanan - Hosted Halaman Checkout - Set Up menu dan mengatur pilihan dijelaskan dibawah "
"One or more media files failed to be synchronized during the media storages syncronization process. Refer to the log file for details.","Satu atau lebih file media yang gagal untuk disinkronkan selama proses sinkronisasi penyimpanan media. Lihat file log untuk rincian ."
"One or more of the Cache Types are invalidated:","Satu atau lebih dari Jenis Cache tidak divalidasi :"
"Online Customers","Pelanggan Online"
"Only attributes with scope ""Global"", input type ""Dropdown"" and Use To Create Configurable Product ""Yes"" are available.","Atribut Hanya Dengan Lingkup ""Global"", Masukan tipe ""Dropdown"" Dan Gunakan Untuk Membuat Produk Yang bisa Di Konfigurasi ""Ya"" Tersedia."
"Only custom theme can be deleted","Hanya theme custom yang bisa dihapus"
"Only default theme can be reset","Hanya theme default yang bisa direset"
"Only mapped fields","Hanya Mapped Fields"
"Optional","Opsional"
"Options","Opsi"
"Options menu items","Opsi Menu Barang -Barang"
"Order","Pesanan"
"Order #%s","Pesanan #%s"
"Order #%s (%s)","Pesanan #%s (%s)"
"Order Created Date","Urutan Tanggal Dibuat"
"Order ID","ID Pesanan"
"Order Totals","Total Pesanan"
"Order Updated Date","Tanggal Perbaruan Pesanan"
"Order Updated Date report is real-time, does not need statistics refreshing.","Laporan Tanggal Perbaruan Pesanan Waktu Riil,Tidak Memerlukan perbaruan Statistik."
"Order cannot be placed.","Pesanan Tidak Dapat ditimpa."
"Orders","Pesanan"
"Original Magento attribute names in first row:","Nama Atribut Magento Asli Berada dibaris Pertama:"
"Out of stock","Kehabisan Stok"
"PDT (Payment Data Transfer) Only","PDT (Transfer Data Pembayaran)Saja"
"Package","Paket"
"Package Extensions","Ektensi Paket"
"Packages","Paket"
"Page","Halaman"
"Pages","Halaman"
"Parent Product Thumbnail","Induk Produk Thumbnail"
"Parent Transaction ID","ID Transaksi induk"
"Passive mode","mode pasif"
"Password","Kata Sandi"
"Password Confirmation","Konfirmasi Kata Sandi"
"Password confirmation must be same as password.","Konfirmasi Kata Sandi Harus Sama Dengan Kata Sandi."
"Password must be at least of %d characters.","Kata Sandi minimal Harus  %d karakter."
"Password must include both numeric and alphabetic characters.","Kata Sandi Harus Mencantumkan  Karakter numeric dan alphabetic ."
"Password:","Kata Sandi:"
"Path","Jalur"
"Path:","Jalur:"
"Payment method instance is not available.","Metode Pembayaran instant tidak tersedia."
"Payment method is not available.","Metode Pembayaran Tidak tersedia."
"Payment method must be specified.","Metode Pembayaran harus dispesifikasikan."
"Pending Reviews","Tinjauan tertunda"
"Pending Tags","Tag tertunda"
"Per Item","Per barang"
"Per Order","Per Pembelian"
"Percent","Persen"
"Performed At","Dilakukan Pada"
"Period","Periode"
"Permanent (301)","Permanen (301)"
"Permissions","Otorisasi"
"Personal Information","Informasi Pribadi"
"Phone:","Telepon:"
"Please Select","Silakan Pilih"
"Please confirm site switching. All data that hasn\'t been saved will be lost.","Silahkan konfirmasi berpindah situs. Semua data yang belum/sudah disimpan akan hilang."
"Please continue with placing order.","Silakan lanjutkan dengan menempatkan pesanan."
"Please enter 6 or more characters.","Harap masukkan 6 atau lebih karakter."
"Please enter a number greater than 0 in this field.","Harap masukkan angka lebih besar dari 0 untuk bidang ini."
"Please enter a valid $ amount. For example $100.00.","Harap masukkan jumlah $ dengan benar. Seperti $100.00."
"Please enter a valid URL. For example http://www.example.com or www.example.com","Harap masukkan URL dengan benar. Seperti http://www.example.com atau www.example.com"
"Please enter a valid URL. http:// is required","Harap masukkan URL dengan benar. Sertakan http:// "
"Please enter a valid credit card number.","Harap masukan nomor kartu kredit dengan benar."
"Please enter a valid date.","Harap masukan tanggal dengan benar."
"Please enter a valid email address. For example johndoe@domain.com.","Harap masukan alamat email dengan benar. Seperti johndoe@domain.com."
"Please enter a valid email.","Silakan masukan email valid."
"Please enter a valid number in this field.","Harap masukan angka dengan benar untuk bidang ini."
"Please enter a valid phone number. For example (123) 456-7890 or 123-456-7890.","Harap masukan nomor telefon dengan benar. Seperti (123) 456-7890 atau 123-456-7890."
"Please enter a valid social security number. For example 123-45-6789.","Harap masukan nomor keamaan sosial. Seperti 123-45-6789."
"Please enter a valid value from list","Masukan nilai yang valid dari daftar"
"Please enter a valid value, ex: 10,20,30","Silakan Masukan Nilai yang Valid, Contoh: 10,20,30"
"Please enter a valid zip code.","Silakan Masukan Kode Pos Yang Valid."
"Please enter a valid zip code. For example 90602 or 90602-1234.","Silakan Masukan Kode Pos Yang Valid.SebagaiContoh 90602 Atau 90602-1234."
"Please enter another credit card number to complete your purchase.","Silakan Masukan Nomor Kartu Kredit Yang Lain Untuk Pembelian Anda."
"Please enter valid password.","Silakan Masukan Kata Sandi Yang Valid."
"Please make sure that all global admin search modules are installed and activated.","Harap pastikan bahwa semua modul admin secara global pencarian diinstal dan diaktifkan ."
"Please make sure that your changes were saved before running the profile.","Pastikan bahwa perubahan Anda telah disimpan sebelum menjalankan profil tersebut."
"Please make sure your passwords match.","Mohon Pastikan Kata Sandi Anda Cocok."
"Please select State/Province.","Silakan pilih Negara Bagian / Provinsi."
"Please select a customer.","Silakan pilih pelanggan."
"Please select a store.","Silakan Pilih Toko."
"Please select an option.","Silakan Pilih Opsi."
"Please select catalog searches.","Silakan Pilih Pencarian Katalog."
"Please select customer(s).","Silakan Pilih Pelanggan."
"Please select message(s).","Silakan Pilih Pesan."
"Please select one of the above options.","Silakan Pilih Salah Satu Dari Opsi Diatas."
"Please select one of the options.","Silakan Pilih Salah Satu Opsi."
"Please select review(s).","Silakan Pilih Tinjauan."
"Please select tag(s).","Silakan Pilih Tag."
"Please specify at least start or end date.","Silakan tentukan setidaknya mulai atau tanggal akhir."
"Please specify the admin custom URL.","Silakan tentukan URL khusus admin."
"Please try to logout and sign in again.","Silakan coba untuk keluar dan masuk lagi."
"Please use in this field only ""a-z,0-9,_"".","Silakan gunakan di bidang ini hanya "" a-z,0-9, _""."
"Please use letters only (a-z) in this field.","Mohon Gunakan Hanya Hurup (a-z) Pada Bidang Ini."
"Please use numbers only in this field. Please avoid spaces or other characters such as dots or commas.","Silakan menggunakan penomoran hanya dalam bidang ini. Harap menghindari spasi atau karakter lain seperti titik atau koma."
"Please use only letters (a-z) or numbers (0-9) only in this field. No spaces or other characters are allowed.","Silakan gunakan hanya huruf (az) atau angka (0-9) hanya dalam bidang ini. Tidak ada spasi atau karakter lain yang diperbolehkan."
"Please use only letters (a-z) or numbers (0-9) or spaces and # only in this field.","Silakan gunakan hanya huruf (az) atau angka (0-9) atau ruang dan # hanya dibidang ini ."
"Please use this date format: dd/mm/yyyy. For example 17/03/2006 for the 17th of March, 2006.","Silakan Gunakan Format Tanggal ini: dd/mm/yyyy. Sebagai Contoh 17/03/2006 untuk 17th maret, 2006."
"Please wait while the indexes are being refreshed.","Silahkan tunggu ketika indeks sedang diperbarui."
"Please wait, loading...","Mohon Tunggu, Memuat..."
"Please wait...","Mohon Tunggu..."
"Please, add some answers to this poll first.","Mohon, Beberapa Jawaban Pada Polling ini Terlebih dahulu."
"Please, select ""Visible in Stores"" for this poll first.","Silakan, pilih "" Terlihat di Toko "" untuk polling ini terlebih dahulu."
"Poll Manager","Pengelola Poling"
"Polls","Poling"
"Popular","Populer"
"Position of Watermark for %s","Posisi Tanda Air untuk %s"
"Pregenerated product images files.","file Gambar Produk Sebelum dihasilkan."
"Preset Theme","Tema Yang telah ditetapkan"
"Prev. month (hold for menu)","Bulan Sebelum nya (Tahan Untuk menu)"
"Prev. year (hold for menu)","Tahun Sebelumnya (Tahan Untuk menu)"
"Preview","Tinjauan"
"Preview Template","Tinjauan template"
"Previous page","Halaman sebelumnya"
"Price alert subscription was saved.","Harga Tanda berlangganan berhasil disimpan."
"Price:","Harga:"
"Processed <strong>%s%% %s/%d</strong> records","Olahan <strong>%s%%%s/%d </ strong> catatan"
"Product","Produk"
"Product Name3 ","Nama Produk3 "
"Product Name3 1","Nama Produk3 1"
"Product Name3 2","Nama Produk3 2"
"Product Reviews","Tinjauan Produk"
"Product Tax Classes","Kelas Pajak Produk"
"Product Thumbnail Itself","Gambar kecil Produk itu Sendiri"
"Product is not loaded.","Produk tidak dimasukan."
"Product:","Produk:"
"Products","Produk"
"Products Bestsellers Report","Laporan Produk terlaris"
"Products Ordered","Produk dipesan"
"Products in Carts","Produk dalam keranjang"
"Profile Action","Aksi Profil"
"Profile Actions XML","Aksi Profil XML"
"Profile Direction","Arahan Profil"
"Profile History","Riwayat Profil"
"Profile Information","Informasi Paket"
"Profile Name","Profil Nama"
"Profile Payments","Profil Pembayaran"
"Profile Schedule","Profil Jadwal"
"Profile Wizard","Panduan Profil"
"Profiles","Profil"
"Promo","Promo"
"Promotions","Promosi"
"Purchased Item","Item dibeli"
"Qty:","Qty:"
"Quantity","Kuantitas"
"Queue Refresh","Perbarui Deret"
"Queued... Cancel","Deretkanï¿½Batal"
"Radio Buttons","Tombol Radio"
"Rates","Kurs"
"Read details","Detail Baca"
"Rebuild","Membangun Ulang"
"Rebuild Catalog Index","Indek katalog dibangun ulang"
"Rebuild Flat Catalog Category","Membangun ulang Kategori Katalog Datar"
"Rebuild Flat Catalog Product","Membangun ulang produk Katalog Datar"
"Recent Orders","Pembelian Terbaru"
"Recent statistics have been updated.","Statistik terbaru telah diperbarui."
"Recurring Profile View","Lihat Profil berulang"
"Recursive Dir","Rekursif Dir"
"Redirect","mengarahkan ulang"
"Reference","Reference"
"Reference ID","Reference ID"
"Refresh","Perbarui"
"Refresh Now*","Perbarui Sekarang*"
"Refresh Statistics","Perbarui Statistik"
"Region/State","Daerah / Negara"
"Regular Price:","Harga Reguler:"
"Release","Rilis"
"Release Stability","Rilis Stabilitas"
"Release Version","Rilis Versi"
"Remote FTP","FTP Jauh"
"Remove","Buang"
"Reports","Laporkan"
"Request Path","Meminta Jalur"
"Required","Dibutuhkan"
"Required settings","Dibutuhkan Pengaturan"
"Reset","Set Ulang"
"Reset Filter","Set Ulang Filter"
"Reset theme to default","Set Ulang Tema Ke Standar"
"Resize","Pengukuran Ulang"
"Resource Access","Akses Sumberdaya"
"Resources","Sumberdaya"
"Results","Hasil"
"Retrieve Password","Pengambilan Kata Sandi"
"Return Html Version","Kembali Ke Versi Html"
"Return URL: ","Kembali URL: "
"Revenue","Pendapatan"
"Reviews","Reviews"
"Reviews and Ratings","Reviews dan Ratings"
"Rewrite Rules","Rewrite Rules"
"Role ID","ID role"
"Role Info","Info role"
"Role Information","Informasi role"
"Role Name","Nama role"
"Role Resources","Cakupan Sumberdaya"
"Role Users","Cakupan Pengguna"
"Roles","role"
"Roles Resources","role Sumberdaya"
"Rotate CCW","Putar CCW"
"Rotate CW","Putar CW"
"Run","Jalankan"
"Run Profile","Jalankan Profil"
"Run Profile Inside This Window","Jalankan Profil dalam Jendela Ini"
"Run Profile in Popup","Jalankan Profil dalam Popup"
"Running... Kill","Jalankan... Tutup"
"SKU","SKU"
"SKU:","SKU:"
"SORT BY:","Urutkan Berdasarkan:"
"SSL Error: Invalid or self-signed certificate","SSL Error: Tidak Valid Atau Berdiri Sendiri menandai Sertifikat"
"Sales","Sales"
"Sales Report","Laporan Penjualan"
"Samples","Contoh"
"Save","Simpan"
"Save & Generate","Simpan & Hasilkan"
"Save Account","Simpan Akun"
"Save As","Simpan Sebagai"
"Save Cache Settings","Simpan Pengaturan Cache"
"Save Config","Simpan Konfigurasi"
"Save Currency Rates","Simpan Kurs Valas"
"Save Profile","Simpan Profil"
"Save Role","Simpan Tugas"
"Save Template","Simpan template"
"Save Theme","Simpan Tema"
"Save User","Simpan Pengguna"
"Save and Continue Edit","Simpan dan Tetap Edit"
"Screens:","Layar:"
"Search","Cari"
"Search Index","Cari Indeks"
"Search Term","istilah pencarian"
"Search Terms","Cari Istilah"
"Select","Pilih"
"Select All","Pilih Semua"
"Select Category","Pilih Kategori"
"Select Date","Pilih Tanggal"
"Select Range","Pilih Rentang"
"Select Visible","Pilih Tampak"
"Select date","Pilih tanggal"
"Selected allowed currency ""%s"" is not available in installed currencies.","Mata uang Terpilih diperbolehkan ""%s"" tidak tersedia dalam mata uang diinstal."
"Selected base currency is not available in installed currencies.","Mata uang dasar yang dipilih tidak tersedia dalam mata uang Yang diinstal."
"Selected default display currency is not available in allowed currencies.","Mata uang terpilih standar tampilan tidak tersedia dalam mata uang diperbolehkan."
"Selected default display currency is not available in installed currencies.","Mata uang terpilih standar tampilan tidak tersedia dalam mata uang diperbolehkan."
"Self-assigned roles cannot be deleted.","role yang ditandai-sendiri tidak dapat dihapus."
"Sender","Pengirim"
"Separate Email","Email Terpisah"
"Shipment #%s comment added","Pengiriman #%s komentar ditambahkan"
"Shipment #%s created","Pengiriman #%s dibuat"
"Shipment Comments","Komen Pengiriman"
"Shipment History","Riwayat Pengiriman"
"Shipments","Pengiriman"
"Shipping","Pengiriman"
"Shipping Address","Alamat Pengiriman"
"Shipping Address: ","Alamat Pengiriman: "
"Shipping Origin","Asal Pengiriman"
"Shipping Price","Harga Pengiriman"
"Shipping address selection is not applicable","Pemilihan Alamat Pengirim Tidak Berlaku"
"Shipping method must be specified.","Metode Pengiriman harus ditentukan."
"Shipping method selection is not applicable","Pemilihan Metode Pengirim Tidak Berlaku"
"Shopping Cart","Troli"
"Shopping Cart Price Rules","Aturan Harga cart"
"Shopping Cart from %s","cart Dari %s"
"Show By","Lihat"
"Show Report For","Perlihatkan Laporan Untuk"
"Show Reviews","Perlihatkan Tinjauan"
"Show confirmation page: ","Perlihatkan Halaman Konfirmasi: "
"Silent Post URL:","Post URL Diam:"
"Sitemap Information","Peta Situs Informasi"
"Size for %s","Ukuran Untuk %s"
"Skip Category Selection","Lewati Pilihan Kategori"
"Some items in this order have different invoice and shipment types. You can create shipment only after the invoice is created.","Beberapa barang dalam pesanan ini mempunyai faktur berbeda dan tipe pengiriman. Anda hanya dapat membuat pengiriman setelah faktur dibuat."
"Some of the ordered items do not exist in the catalog anymore and will be removed if you try to edit the order.","Beberapa barang yang telah dipesan yang tidak ada lagi dalam katalog dan akan dihilangkan Jika  Anda mencoba untuk merubah pesanan."
"Sorry, this feature is coming soon...","Maaf, Fitur ini akan segera ada..."
"Sort Order","Jenis Pesanan"
"Special Price:","Harga Khusus:"
"Specific Countries","Negara - negara spesifik"
"Specified","Spesifik"
"Specified profile does not exist.","Spesifik Profil tidak ada."
"Spreadsheet Name:","Nama Spreadsheet:"
"Start Date","Tanggal Awal"
"Start/Reset Validation...","Mulai/Set Ulang Validasi..."
"Starting profile execution, please wait...","Memulai Eksekusi Profil, Silakan Tunggu..."
"State/Province:","Negara/Provinsi:"
"Static Blocks","Blok Statis"
"Status","Status"
"Status:","Status:"
"Stock Quantity:","Kuantitas Stok:"
"Stock notification was saved.","Notifikasi Stok telah disimpan."
"Store","Toko"
"Store Email Addresses Section","Bagian Alamat Email Toko"
"Store View","Tinjauan Toko"
"Store:","Toko:"
"Stores","Toko"
"Subject","Subjek"
"Submit","Kirim"
"Subpackage cannot be conflicting.","Subpaket tidak dapat bertentangan."
"Subtotal","Subtotal"
"Switch/Solo card issue number: %s","Ubah/Nomor Penerbit Kartu Tunggal: %s"
"Switch/Solo card start Date: %s/%s","Ubah/Tanggal Awal Kartu Tunggal: %s/%s"
"Switch/Solo/Maestro Only","Ubah/Tunggal/Hanya Maestro"
"Switch/Solo/Maestro(UK Domestic) Only","Ubah/Tunggal/Hanya Maestro(UK Domestik)"
"Switch/Solo/Maestro(UK Domestic) card issue number: %s","Ubah/Tunggal/Maestro(UK Domestik) Nomor Penerbitan Kartu: %s"
"Switch/Solo/Maestro(UK Domestic) card start Date: %s/%s","Ubah/Tunggal/Maestro(UK Domestik) Tanggal Awal Kartu: %s/%s"
"Synchronization is required.","Dibutuhkan Sinkronisasi."
"Synchronization of media storages has been successfully completed.","Sinkronisasi media penyimpanan telah berhasil dilengkapi."
"Synchronize","Sinkronisasi"
"Synchronizing %s to %s","Sinkronisasi %s ke %s"
"Synchronizing...","Sinkronisasi..."
"System","Sistem"
"System Section","Bagian Sistem"
"System busy","Sistem sibuk"
"T-Shirts","T-Shirt"
"Tags","Tag"
"Target","Target"
"Target Path","Jalur Target"
"Tax","Pajak"
"Tb","Tb"
"Tell a Friend","Berbagi ke Teman"
"Template","template"
"Template Content","Konten template"
"Template Information","Informasi template"
"Template Name","Nama template"
"Template Styles","Template Styles"
"Template Subject","Subjek template"
"Template Type","Tipe template"
"Temporary (302)","Sementara (302)"
"Terms and Conditions","Syarat dan kondisi"
"Text","Teks"
"The Catalog Rewrites were refreshed.","Katalog Rewrites Telah diperbarui."
"The CatalogInventory Stock Status has been rebuilt.","Status Stok CatalogInventory  telah dibuat ulang."
"The Comment Text field cannot be empty.","Kolom teks komentar tidak boleh kosong."
"The Flat Catalog Product was rebuilt","Produk Flat Katalog Telah dibuat ulang"
"The JavaScript/CSS cache has been cleaned.","JavaScript/CSS cache telah dibersihkan."
"The JavaScript/CSS cache has been cleared.","JavaScript/CSS cache telah dibersihkan."
"The Layered Navigation indexing has been queued.","Pengindekan navigasi berlapis telah diurutkan."
"The Layered Navigation indexing queue has been canceled.","Pengurutan indeks navigasi berlapis telah dibatalkan."
"The Layered Navigation indices were refreshed.","Indeks Navigasi berlapis telah diperbarui."
"The Layered Navigation process has been queued to be killed.","Proses navigasi berlapis telah diurutkan untuk ditutup."
"The Magento cache storage has been flushed.","Penyimpanan Magento cache telah dialiri."
"The URL Rewrite has been deleted.","URL Rewrite telah dihapus."
"The URL Rewrite has been saved.","URL Rewrite telas disimpan."
"The account has been saved.","Akun telah disimpan."
"The archive can be uncompressed with <a href=""%s"">%s</a> on Windows systems","Arsip dapat terkompresi dengan <a href=""%s"">%s </ a> pada Sistem Windows"
"The attribute set has been removed.","Set atribut telah dihilangkan."
"The backup has been created.","Cadangan telah dibuat."
"The billing agreement has been canceled.","Perjanjian penagihan telah dibatalkan."
"The billing agreement has been deleted.","Perjanjian penagihan telah dihapus."
"The cache storage has been flushed.","Penyimpanan Cache Telah Dialiri."
"The card has failed verification with the issuer bank.","Kartu gagal diverifikasi oleh bank penerbit."
"The carrier needs to be specified.","Pembawa harus ditentukan."
"The catalog index has been rebuilt.","Indek Katalog Telah dibuat Ulang."
"The catalog rewrites have been refreshed.","Penulisan ulang katalog telah diPerbarui."
"The configuration has been saved.","Konfigurasi telah disimpan."
"The credit memo has been canceled.","Memo kredit telah dibatalkan."
"The credit memo has been created.","Memo kredit telah dibuat."
"The credit memo has been voided.","Memo Kredit telah dibatalkan."
"The custom variable has been deleted.","Variabel khusus telah dihapus."
"The custom variable has been saved.","Variabel Khusus telah diSimpan."
"The customer has been deleted.","Pelanggan elah dihapus."
"The customer has been saved.","Pelanggan telah disimpan."
"The design change has been deleted.","Perubahan desain telah dihapus."
"The design change has been saved.","Perubahan desain telah disimpan."
"The email address is empty.","Alamat email kosong."
"The email template has been deleted.","template email telah dihapus."
"The email template has been saved.","template email telah disimpan."
"The flat catalog category has been rebuilt.","Kategori katalog datar telah dibangun ulang."
"The group node name must be specified with field node name.","Nama simpul kelompok harus ditentukan dengan nama bidang simpul."
"The image cache was cleaned.","Gambar cache telah dibersihkan."
"The image cache was cleared.","Gambar cache telah dibersihkan."
"The information in this tab has been changed.","Informasi pada Tab ini telah diubah."
"The invoice and shipment have been created.","Faktur dan pengiriman telah dibuat."
"The invoice and the shipment  have been created. The shipping label cannot be created at the moment.","Invoice dan pengiriman telah dibuat. Label pengiriman tidak dapat dibuat saat ini."
"The invoice has been canceled.","Faktur telah dibatalkan."
"The invoice has been captured.","Faktur telah diambil."
"The invoice has been created.","Faktur telah dibuat."
"The invoice has been voided.","Faktur telah dibatalkan."
"The invoice no longer exists.","Faktur tidak ada lagi."
"The order does not allow creating an invoice.","Pesanan tidak dapat dibuat dalam faktur."
"The order no longer exists.","Pesanan tidak ada lagi."
"The poll has been deleted.","Poling telah dihapus."
"The poll has been saved.","Poling telah disimpan."
"The profile has been deleted.","Profil telah dihapus."
"The profile has been saved.","Profil telah disimpan."
"The profile has been updated.","Profil telah diperbarui."
"The profile has no changes.","Profil tidak ada perubahan."
"The profile you are trying to save no longer exists","Profil yang Anda coba untuk simpan tidak ada lagi"
"The rating has been deleted.","Peringkat telah dihapus."
"The rating has been saved.","Peringkat telah disimpan."
"The role has been deleted.","role telah dihapus."
"The role has been saved.","role telah disimpan."
"The role has been successfully saved.","Tugas telah berhasil disimpan."
"The search index has been rebuilt.","Indek pencarian telah dibuat ulang."
"The shipment has been created.","Pengiriman telah dibuat."
"The shipment has been created. The shipping label has been created.","Pengiriman telah dibuat. Label pengiriman telah dibuat."
"The shipment has been sent.","Pengiriman telah dikirim."
"The tag has been deleted.","Tag telah dihapus."
"The tag has been saved.","Tag telah disimpan."
"The user has been deleted.","Pengguna telah dihapus."
"The user has been saved.","Pengguna telah disimpan."
"Theme configurations are successfully reset.","Konfigurasi Tema telah berhasil diatur ulang."
"Theme label can\'t be empty","Label theme tidak boleh kosong"
"Theme label:","Label theme:"
"Themes JavaScript and CSS files combined to one file.","Tema JavaScript dan file CSS dikombinasikan kedalam satu file."
"There has been wrong payment information submitted or time limit has expired. Please, try again.","Ada kesalahan pembayaran disampaikan atau batas waktu telah berakhir.Silakan, coba lagi."
"There is an error in one of the option rows.","Ada Error pada salah satu pilihan baris."
"This Account is","Akun ini adalah"
"This Email template no longer exists.","template Email ini tidak ada."
"This Role no longer exists","role ini tidak ada"
"This Role no longer exists.","role ini tidak ada."
"This account is","Akun ini adalah"
"This account is inactive.","Akun ini tidak aktif."
"This attribute set does not have attributes which we can use for configurable product","Mengatur atribut ini tidak memiliki atribut yang dapat kita gunakan untuk produk dikonfigurasi"
"This attribute shares the same value in all the stores","Atribut ini berbagi nilai yang sama pada semua toko"
"This is a demo store. Any orders placed through this store will not be honored or fulfilled.","Ini adalah toko demo. Setiap order yang dilakukan melalui toko ini tidak akan diterima atau dipenuhi."
"This is a required field.","Bidang ini dibutuhkan."
"This product is currently disabled.","Produk ini untuk sekarang tidak ada."
"This report depends on timezone configuration. Once timezone is changed, the lifetime statistics need to be refreshed.","Laporan ini tergantung dari konfigurasi zonawaktu. Sekali Zona waktu berubah, Statistik sepanjang masa perlu diperbarui."
"This section is not allowed.","Bagian ini tidak diijinkan."
"This tab contains invalid data. Please solve the problem before saving.","Tab ini mengandung data yang salah. Harap perbaiki sebelum disimpan"
"This user no longer exists.","Pengguna ini tidak ada lagi."
"Thumbnail","Gambar kecil"
"Time","Waktu"
"Time selection:","Pilihan waktu:"
"Time:","Waktu:"
"Timeout limit for response from synchronize process was reached.","Batas waktu habis untuk tanggapan dari proses sinkronisasi dicapai."
"Title bar","Bar judul"
"To","Ke"
"To cancel pending authorizations and release amounts that have already been processed during this payment, click Cancel.","Untuk membatalkan otorisasi tertunda dan melepaskan sejumlah yang telah diproses selama pembayaran ini, klik batal."
"To use Payflow Link, you must configure your Payflow Link account on the Paypal website.","Untuk menggunakan tautan payflow, Anda harus mengkonfigurasi akun tautan payflow Anda pada situs PayPal."
"Toggle Editor","Toggle Editor"
"Tools","Peralatan"
"Top 5 Search Terms","5 Istilah Pencarian Teratas"
"Total","Total"
"Total %d records found","Total %d Catatan ditemukan"
"Total Invoiced","Total faktur"
"Total Order Amount","Jumlah Pesanan Total"
"Total Refunded","Total Pengembalian"
"Total of %d record(s) have been deleted.","Total dari %d catatan telah dihapus."
"Total of %d record(s) have been updated.","Total dari %d rekam(s) telah diperbarui."
"Total of %d record(s) were canceled.","Total dari %d catatan(s) dibatalkan."
"Track Order","Lacak Pesanan"
"Track this shipment","Lacak pengiriman ini"
"Tracking number %s for %s assigned","Nomor Pelacakan %s untuk%s ditandai"
"Tracking number cannot be empty.","Nomor pelacakan tidak bisa kosong."
"Transaction Data","Data Transaksi"
"Transaction Details","Detail Transaksi"
"Transaction ID","ID transaksi"
"Transaction Type","Jenis Transaksi"
"Transactional Emails","Email Transaksi"
"Transactions","Transaksi"
"Try Magento Go for Free","Coba Magento silakan untuk gratis"
"Type","Jenis"
"Type:","Jenis:"
"URL Rewrite","Tulis Ulang URL"
"URL Rewrite Information","Informasi Tulis Ulang URL"
"URL Rewrite Management","Pengelolaan Tulis Ulang URL"
"Unable to cancel the credit memo.","tidak bisa membatalkan memo kredit."
"Unable to find a Email Template to delete.","Tidak bisa menemukan template sebuah Email untuk dihapus."
"Unable to find a poll to delete.","Tidak bisa menemukan sebuah poling untuk dihapus."
"Unable to find a tag to delete.","Tidak bisa menemukan sebuah tag untuk dihapus."
"Unable to find a user to delete.","Tidak bisa menemukan pengguna untuk dihapus."
"Unable to initialize import model","Tidak dapat menginisialisasi model impor"
"Unable to refresh lifetime statistics.","Tidak dapat memperbarui statistik masa pakai."
"Unable to refresh recent statistics.","tidak dapat memperbarui statistik saat ini."
"Unable to save the cron expression.","Tidak dapat menyimpan ekspresi cron."
"Unable to save the invoice.","Tidak dapat menyimpan Faktur."
"Unable to send the invoice email.","Tidak dapat mengirim faktur email."
"Unable to send the shipment email.","Tidak dapat mengirim email pengiriman."
"Unable to void the credit memo.","Tidak dapat membatalkan memo kredit."
"Unknown","tidak diketahui"
"Unknown Error","Error tidak diketahui"
"Unknown Error.","Error tidak diketahui."
"Unlimited","Tidak terbatas"
"Unselect All","semua tidak dipilih"
"Unselect Visible","Terlihat dibatalkan"
"Update","Perbarui"
"Update Preview","Tinjauan Perbaruan"
"Updated At","Perbarui Di"
"Upload File","Unggah file"
"Upload Files","Unggah file"
"Upload HTTP Error","Mengunggah HTTP Error"
"Upload I/O Error","Unggah I/O Error"
"Upload Security Error","Unggah Keamanan Error"
"Upload import file","Unggah file impor"
"Use All Available Attributes","Use All Available Attributes"
"Use Config Settings","Gunakan Pengaturan Konfigurasi"
"Use Default","Gunakan Standar"
"Use Default Value","gunakan Nilai Standar"
"Use Default Variable Values","Gunakan standar Nilai Variabel"
"Use Silent Post:","Menggunakan Post Diam:"
"Use Website","Gunakan Situs"
"Used Currently For","Saat Digunakan untuk"
"Used as Default For","Digunakan sebagai Standar Untuk"
"User","Pengguna"
"User Email","Pengguna Email"
"User ID","ID Pengguna"
"User Info","Info Pengguna"
"User Information","Informasi Pengguna"
"User Name","Nama pengguna"
"User Name is required field.","Nama pengguna dibutuhkan bidang."
"User Name:","Nama pengguna:"
"User Role","role Pengguna"
"User Roles","role Pengguna"
"User Roles Information","Informasi role Pengguna"
"User name","Nama Pengguna"
"Users","Pengguna"
"Validation Results","Hasil Validasi"
"Value","Nilai"
"Value Delimiter:","Nilai Pembatas:"
"Variable","Variabel"
"Variable Code","Kode Variabel"
"Variable HTML Value","Nilai Variabel HTML"
"Variable ID","ID Variabel"
"Variable Name","Nama Variabel"
"Variable Plain Value","Variabel Nilai Sederhana"
"Verification Failed","Bidang Verifikasi"
"Verification Successful","Verifikasi Berhasil"
"Verification cannot be processed","Verifikasi tidak dapat diproses"
"View","Lihat"
"View Actions XML","Lihat Aksi XML"
"View Details","Lihat Detail"
"View Full Size","Lihat ukuran penuh"
"View Gallery","Lihat Galeri"
"View Memo","Lihat Memo"
"View Memo for #%s","Lihat Memo Untuk #%s"
"View Shipment","Lihat Pengiriman"
"View Statistics For","Lihat Statistik Untuk"
"Visibility:","Visibilitas:"
"Warning! Empty value can cause problems with CSV format.","Peringatan! Nilai Kosong Dapat Menyebabkan Masalah Dengan CSV format."
"Warning!\r\nThis action will remove this user from already assigned role\r\nAre you sure?","Peringatan!\r\n Aksi ini akan menghapus pengguna ini dari role yang sudah ditandai\r\n Apakah Anda yakin?"
"Warning!\r\nThis action will remove those users from already assigned roles\r\nAre you sure?","Peringatan!\r\n Aksi ini akan menghapus pengguna dari role yang telah ditandai \r\nApakah Anda yakin?"
"Warning: All related AirMail messages will be deteted!\n Are you sure you want to do this?","Peringatan: Semua pesan yang terkait dengan pos udara akan dihapus!\n Apakah Anda yakin Ingin melakukan hal ini?"
"Warning: Please do not close the window during importing/exporting data","Peringatan: Mohon Jangan tutup Jendela selama mengimpor/mengeskpor data"
"Watermark File for %s","tanda air bidang untuk %s"
"We appreciate our merchants\' feedback, please <a href=""#"" onclick=""surveyAction(\'yes\'); return false;"">take our survey</a> to provide insight on the features you would like included in Magento. <a href=""#"" onclick=""surveyAction(\'no\'); return false;"">Remove this notification</a>","Kami Menghargai Para Penjual, Mohon Masukan <a href=""#"" onclick=""surveyAction(\'yes\'); return false;"">ambil survey kami</a> untuk memberikan wawasan tentang ciri khas yang akan Anda sukai termasuk pada Magento. <a href=""#"" onclick=""surveyAction(\'no\'); return false;"">Hapus notifikasi ini</a>"
"We detected that your JavaScript seem to be disabled.","Kami mendeteksi bahwa JavaScript Anda tampaknya dinonaktifkan."
"We\'re in our typing table, coding away more features for Magento. Thank you for your patience.","Kami Pada Meja Ketik Kami, pengkodean jauh lebih banyak fitur Untuk Magento. Terima kasih atas kesabaran Anda."
"Web Section","Bagian Jaringan"
"Web Services","Layanan Jaringan"
"Web services","Layanan Jaringan"
"Website","Situs"
"What is this?","Apakah ini?"
"Wishlist Report","Laporan Daftar yang diinginkan"
"Wishlist item is not loaded.","Barang yang ada di Daftar yang diiginkan tidak dimasukan."
"Wrong billing agreement ID specified.","ID kesepakatan Tagihan keliru ditentukan."
"Wrong column format.","Kolom format Salah."
"Wrong newsletter template.","template Buletin yang keliru."
"Wrong quote item.","Barang Kutipan Keliru."
"Wrong tab configuration.","Konfigurasi Tab Keliru."
"Wrong tag was specified.","Tag keliru Telah ditentukan."
"Wrong transaction ID specified.","ID transaksi salah telah ditentukan."
"XML","XML"
"XML data is invalid.","XML data Tidak Berlaku."
"XML object is not instance of ""Varien_Simplexml_Element"".","XML objek bukanlah turunan dari ""Varien_Simplexml_Element""."
"YTD","YTD"
"Year","Tahun"
"Yes","Ya"
"Yes (301 Moved Permanently)","Ya (301 Dipindahkan Secara Permanen)"
"Yes (302 Found)","Ya (302 Ditemukan)"
"Yes (only price with tax)","Ya (Harga yang termasuk Pajak)"
"You cannot delete your own account.","Anda Tidak dapat menghapus akun pribadi Anda."
"You have %s unread message(s).","Anda mempunyai %s Pesan yang belum terbaca."
"You have logged out.","Anda Telah Keluar."
"You have not enough permissions to use this functionality.","Anda belum cukup hak akses untuk menggunakan fungsi ini."
"You must have JavaScript enabled in your browser to utilize the functionality of this website.","Anda harus mengaktifkan JavaScript di browser Anda untuk memanfaatkan fungsi dari Situs ini ."
"You need to specify order items.","Anda perlu menentukan urutan barang."
"Your answers contain duplicates.","Jawaban Anda mengandung duplikat."
"Your server PHP settings allow you to upload files not more than %s at a time. Please modify post_max_size (currently is %s) and upload_max_filesize (currently is %s) values in php.ini if you want to upload larger files.","Pengaturan PHP server Anda Mengijinkan Untuk  Mengunggah file Tidak Lebih dari %s Pada Waktu Bersamaan. Silakan Merubah Post_Ukuran_Maksimal(saat ini adalah %s) dan unggah_maksimal_ukuran file (saat ini adalah %s) Nilai dalam php.ini jika Anda Ingin Mengunggah file Yang lebih Besar."
"Your web server is configured incorrectly. As a result, configuration files with sensitive information are accessible from the outside. Please contact your hosting provider.","Web server anda tidak dikonfigurasi dengan benar. Akibatnya, file konfigurasi dengan informasi sensitif dapat diakses dari luar. Silakan hubungi penyedia hosting Anda."
"Zip/Postal Code","Zip/Kode Pos"
"Zip/Postal Code:","Zip/Kode Pos:"
"[ deleted ]","[ Hapus ]"
"[GLOBAL]","[GLOBAL]"
"[STORE VIEW]","[TAMPILAN TOKO]"
"[WEBSITE]","[SITUS]"
"b","b"
"close","tutup"
"critical","Kritis"
"example: ""sitemap/"" or ""/"" for base path (path must be writeable)","contoh: ""peta situs/"" atau""/"" untuk jalur dasar (jalur harus dapat ditulis)"
"example: sitemap.xml","contoh: sitemap.xml"
"from","dari"
"items selected","barang yang terpilih"
"major","mayor"
"minor","minor"
"notice","catatan"
"of %s pages","dari %s halaman"
"per page","per halaman"
"store(%s) scope","toko(%s) jangkauan"
"to","ke"
"website(%s) scope","situs(%s)lingkup"
"{{base_url}} is not recommended to use in a production environment to declare the Base Unsecure URL / Base Secure URL. It is highly recommended to change this value in your Magento <a href=""%s"">configuration</a>.","{{dasar_url}} tidak direkomendasikan untuk digunakan dalam sebuah lingkungan produksi untuk menyatakan Basis yang tidak aman URL / Basis aman URL.Hal ini sangat dianjurkan untuk mengubah nilai ini dalam Magento Anda <a href=""%s"">Konfigurasi</a>."
